pais,iso3,subregion,anio,Asalariadas,Bancas parlamentarias femeninas,Desempleo femenino,Empleadoras,Empleo femenino en agricultura,Empleo femenino en servicios,Empleo vulnerable femenino,Firmas con gerenta mujer,Firmas con propiedad femenina,Mujeres en puestos directivos,PBI per cápita,Participación laboral femenina,Participación laboral masculina,Ratio participación mujer/varón
Argentina,ARG,Cono Sur,1990,70.2,6.3,,2.8,0.2,81.6,27.0,,,,4318.77,41.0,77.7,52.77
Argentina,ARG,Cono Sur,1991,71.4,,6.4,2.0,0.1,80.2,26.6,,,,5715.5,40.5,77.3,52.39
Argentina,ARG,Cono Sur,1992,72.5,,6.5,2.4,0.3,80.7,25.1,,,,6798.03,40.1,76.8,52.21
Argentina,ARG,Cono Sur,1993,71.3,,13.3,3.2,0.3,83.1,25.5,,,,6940.35,40.3,76.4,52.75
Argentina,ARG,Cono Sur,1994,72.1,,14.6,2.4,0.2,85.2,25.4,,,,7449.48,40.4,76.1,53.09
Argentina,ARG,Cono Sur,1995,74.9,,22.3,2.3,0.4,84.4,22.7,,,,7373.43,41.2,76.1,54.14
Argentina,ARG,Cono Sur,1996,74.3,,20.2,2.4,0.2,87.3,23.2,,,,7683.57,41.4,75.6,54.76
Argentina,ARG,Cono Sur,1997,75.0,27.6,18.2,2.4,0.2,88.0,22.5,,,,8172.67,41.6,75.3,55.25
Argentina,ARG,Cono Sur,1998,75.5,27.6,15.0,2.4,0.2,89.1,22.0,,,24.61,8248.76,41.9,74.9,55.94
Argentina,ARG,Cono Sur,1999,75.9,,15.7,2.5,0.2,88.8,21.6,,,26.75,7736.37,42.2,74.6,56.57
Argentina,ARG,Cono Sur,2000,76.4,26.5,17.1,2.9,0.2,89.2,20.6,,,27.4,7669.27,42.5,74.3,57.2
Argentina,ARG,Cono Sur,2001,76.1,,17.5,2.4,0.3,89.0,21.4,,,27.17,7170.69,43.2,73.9,58.46
Argentina,ARG,Cono Sur,2002,78.1,30.7,18.8,1.9,0.5,89.7,20.0,,,25.77,2579.19,43.9,73.6,59.65
Argentina,ARG,Cono Sur,2003,78.6,30.7,18.8,2.2,1.0,87.1,19.1,,,28.95,3330.43,44.6,73.2,60.93
Argentina,ARG,Cono Sur,2004,78.6,33.7,14.6,2.4,0.9,87.2,19.0,,,35.61,4251.57,48.8,76.4,63.87
Argentina,ARG,Cono Sur,2005,79.0,36.2,12.6,2.4,0.6,88.1,18.6,,,32.86,5096.26,48.7,76.5,63.66
Argentina,ARG,Cono Sur,2006,80.2,35.0,12.6,2.5,0.5,88.5,17.3,,30.3,23.12,5904.68,48.6,76.6,63.45
Argentina,ARG,Cono Sur,2007,80.9,40.0,11.0,2.6,0.4,88.7,16.6,,,,7226.27,48.7,75.9,64.16
Argentina,ARG,Cono Sur,2008,80.7,40.0,9.8,2.9,0.4,88.8,16.4,,,,8992.59,48.7,75.3,64.67
Argentina,ARG,Cono Sur,2009,80.1,38.5,9.9,3.0,0.4,89.7,16.9,,,,8198.57,48.8,74.6,65.42
Argentina,ARG,Cono Sur,2010,80.6,38.5,9.2,2.9,0.5,90.0,16.5,9.2,38.0,,10332.03,47.0,74.9,62.75
Argentina,ARG,Cono Sur,2011,81.3,37.4,8.6,2.6,0.7,88.0,16.1,,,,12800.2,47.2,74.9,63.02
Argentina,ARG,Cono Sur,2012,81.2,37.4,8.9,2.7,0.3,89.6,16.1,,,,13040.31,47.3,75.0,63.07
Argentina,ARG,Cono Sur,2013,81.1,,8.6,2.6,0.2,89.9,16.3,,,,13027.2,47.5,75.0,63.33
Argentina,ARG,Cono Sur,2014,,36.6,9.8,,0.2,90.7,,,,,12324.94,47.6,75.1,63.38
Bolivia,BOL,Región Andina,1990,48.4,9.2,,1.5,0.2,88.0,50.1,,,,709.95,50.4,82.7,60.94
Bolivia,BOL,Región Andina,1991,46.8,,3.8,1.8,1.0,84.0,51.3,,,,764.14,51.3,82.6,62.11
Bolivia,BOL,Región Andina,1992,45.5,,6.4,2.6,1.3,82.5,51.9,,,,791.38,52.3,82.5,63.39
Bolivia,BOL,Región Andina,1993,47.3,,6.1,2.9,0.7,84.1,49.9,,,25.66,788.4,53.2,82.4,64.56
Bolivia,BOL,Región Andina,1994,43.8,,6.1,3.5,0.7,83.5,52.6,,,22.03,806.22,54.1,82.3,65.74
Bolivia,BOL,Región Andina,1995,42.0,,6.0,3.3,1.1,82.7,54.6,,,28.29,887.47,55.1,82.2,67.03
Bolivia,BOL,Región Andina,1996,39.9,,6.6,3.8,4.0,80.2,56.3,,,24.34,958.47,57.4,82.3,69.74
Bolivia,BOL,Región Andina,1997,39.1,,5.4,2.8,4.0,79.2,57.9,,,25.35,1006.96,59.7,82.3,72.54
Bolivia,BOL,Región Andina,1998,,,4.4,,,,,,,,1058.72,59.7,82.2,72.63
Bolivia,BOL,Región Andina,1999,19.0,11.5,5.3,1.4,37.2,50.9,75.6,,,28.2,1012.51,59.7,82.0,72.8
Bolivia,BOL,Región Andina,2000,20.0,11.5,5.9,1.0,35.3,54.5,73.2,,,38.59,1007.0,59.7,81.7,73.07
Bolivia,BOL,Región Andina,2001,19.5,11.5,6.4,1.4,39.8,50.5,72.5,,,17.57,958.24,60.0,81.7,73.44
Bolivia,BOL,Región Andina,2002,20.2,18.5,6.8,2.0,36.2,52.5,72.6,,,19.57,913.58,60.3,81.7,73.81
Bolivia,BOL,Región Andina,2003,26.4,18.5,6.8,1.9,34.7,54.3,71.6,,,,917.36,60.5,81.6,74.14
Bolivia,BOL,Región Andina,2004,26.4,19.2,5.4,1.9,34.7,54.2,71.6,,,30.69,978.33,60.8,81.6,74.51
Bolivia,BOL,Región Andina,2005,26.6,16.9,6.4,2.9,39.1,50.0,70.6,,,31.96,1046.43,61.1,81.5,74.97
Bolivia,BOL,Región Andina,2006,28.9,16.9,6.3,2.1,39.5,50.5,69.0,,41.1,27.68,1233.59,61.5,81.4,75.55
Bolivia,BOL,Región Andina,2007,22.7,16.9,6.3,3.2,38.3,52.5,66.8,,,28.96,1389.63,62.3,81.2,76.72
Bolivia,BOL,Región Andina,2008,30.6,16.9,3.8,2.9,34.7,54.8,66.5,,,,1736.92,62.6,81.1,77.19
Bolivia,BOL,Región Andina,2009,32.9,22.3,4.3,2.7,,,64.4,,,35.06,1776.86,63.2,81.0,78.02
Bolivia,BOL,Región Andina,2010,,25.4,4.1,,,,,21.7,41.3,,1981.16,63.7,80.9,78.74
Bolivia,BOL,Región Andina,2011,32.9,25.4,3.4,3.0,,,64.1,,,,2377.7,63.9,80.9,78.99
Bolivia,BOL,Región Andina,2012,,25.4,3.4,,,,,,,,2645.29,64.1,80.9,79.23
Bolivia,BOL,Región Andina,2013,,25.4,3.2,,,,,,,,2948.03,64.2,80.9,79.36
Bolivia,BOL,Región Andina,2014,,53.1,3.3,,,,,,,,3124.08,64.4,80.9,79.6
Brasil,BRA,Cono Sur,1990,68.0,5.3,,2.1,13.3,73.8,29.9,,,,3071.63,44.6,85.4,52.22
Brasil,BRA,Cono Sur,1991,,,9.6,,,,,,,,3942.4,48.8,85.7,56.94
Brasil,BRA,Cono Sur,1992,60.0,,8.0,1.6,24.7,65.2,38.3,,,,2578.21,53.1,86.0,61.74
Brasil,BRA,Cono Sur,1993,60.4,,7.3,1.6,24.1,65.4,38.0,,,,2774.17,53.0,85.6,61.92
Brasil,BRA,Cono Sur,1994,,,7.3,,,,,,,,3482.53,53.6,85.2,62.91
Brasil,BRA,Cono Sur,1995,60.2,,7.3,2.0,22.5,68.2,37.8,,,,4827.15,54.2,84.8,63.92
Brasil,BRA,Cono Sur,1996,63.3,,8.7,2.1,19.7,70.7,34.6,,,,5144.64,52.2,82.9,62.97
Brasil,BRA,Cono Sur,1997,,6.6,9.9,,20.2,70.3,,,,,5260.46,53.2,83.2,63.94
Brasil,BRA,Cono Sur,1998,,6.6,11.5,,19.3,71.0,,,,,5065.34,53.6,82.8,64.73
Brasil,BRA,Cono Sur,1999,,5.7,12.1,,20.4,70.1,,,,,3461.61,55.1,82.7,66.63
Brasil,BRA,Cono Sur,2000,73.5,5.7,12.0,2.0,10.6,76.1,22.0,,,31.22,3728.51,54.9,82.1,66.87
Brasil,BRA,Cono Sur,2001,64.9,6.8,11.9,2.4,16.1,73.9,32.6,,,,3135.16,54.7,81.5,67.12
Brasil,BRA,Cono Sur,2002,64.4,6.2,11.6,2.7,16.5,70.7,32.9,,,32.6,2805.72,56.2,81.7,68.79
Brasil,BRA,Cono Sur,2003,64.8,8.6,12.3,2.5,16.1,71.1,32.6,,,33.86,3040.51,56.6,81.4,69.53
Brasil,BRA,Cono Sur,2004,65.5,8.6,11.8,2.5,16.0,71.0,32.0,,,33.9,3596.22,57.6,81.8,70.42
Brasil,BRA,Cono Sur,2005,64.8,8.6,12.3,2.6,16.0,70.6,25.3,,,35.43,4730.65,58.9,82.1,71.74
Brasil,BRA,Cono Sur,2006,66.0,8.8,11.1,2.8,15.0,71.9,24.2,,,35.18,5808.34,58.7,81.7,71.85
Brasil,BRA,Cono Sur,2007,67.2,9.0,10.9,2.4,13.9,72.8,24.0,,,36.08,7246.87,58.4,81.2,71.92
Brasil,BRA,Cono Sur,2008,68.1,9.0,9.7,2.9,13.1,73.3,22.6,,,,8706.82,58.5,81.4,71.87
Brasil,BRA,Cono Sur,2009,69.2,8.8,11.1,2.7,12.2,74.6,22.4,19.4,50.2,35.95,8474.88,58.9,81.2,72.54
Brasil,BRA,Cono Sur,2010,,8.6,10.6,,,,,,,,11121.42,59.4,81.1,73.24
Brasil,BRA,Cono Sur,2011,72.2,8.6,9.0,2.3,11.2,76.9,20.4,,,36.42,13039.12,59.5,81.0,73.46
Brasil,BRA,Cono Sur,2012,72.7,8.6,8.2,2.6,10.0,77.5,19.7,,,37.27,12157.31,59.5,80.9,73.55
Brasil,BRA,Cono Sur,2013,73.0,8.6,8.4,2.5,10.1,77.9,18.8,,,37.5,12071.78,59.4,80.8,73.51
Brasil,BRA,Cono Sur,2014,,9.9,8.7,,,,,,,,11728.8,59.4,80.6,73.7
Chile,CHL,Cono Sur,1990,77.0,,,1.4,5.9,80.2,,,,,2401.53,32.2,77.1,41.76
Chile,CHL,Cono Sur,1991,,,10.1,,6.0,79.2,,,,,2727.57,32.0,77.1,41.5
Chile,CHL,Cono Sur,1992,77.3,,10.3,2.2,6.0,78.8,,,,,3277.67,34.0,77.5,43.87
Chile,CHL,Cono Sur,1993,,,10.4,,6.1,77.8,,,,,3461.44,35.7,78.5,45.48
Chile,CHL,Cono Sur,1994,77.1,,10.1,2.3,5.5,79.6,,,,,3942.97,35.7,78.4,45.54
Chile,CHL,Cono Sur,1995,,,8.8,,5.3,80.1,,,,,5026.72,34.6,77.4,44.7
Chile,CHL,Cono Sur,1996,76.0,,7.8,,5.3,79.8,,,,,5263.19,34.3,76.7,44.72
Chile,CHL,Cono Sur,1997,75.4,7.5,7.6,,4.5,81.2,,,,,5674.15,35.2,76.3,46.13
Chile,CHL,Cono Sur,1998,74.8,10.8,7.6,,4.6,81.6,,,,,5367.21,35.5,76.3,46.53
Chile,CHL,Cono Sur,1999,75.0,10.8,10.7,,4.6,82.8,,,,,4872.69,35.6,75.9,46.9
Chile,CHL,Cono Sur,2000,75.5,10.8,10.1,,4.6,83.2,,,,,5229.18,35.5,74.8,47.46
Chile,CHL,Cono Sur,2001,75.3,10.8,9.7,,4.6,82.5,,,,,4709.92,34.7,74.1,46.83
Chile,CHL,Cono Sur,2002,75.5,12.5,9.6,,4.7,83.3,,,,32.72,4566.52,34.5,73.5,46.94
Chile,CHL,Cono Sur,2003,73.9,12.5,9.7,,4.9,83.4,,,,,4948.75,35.9,73.1,49.11
Chile,CHL,Cono Sur,2004,73.4,12.5,10.5,,,,,,,,6323.76,37.3,72.9,51.17
Chile,CHL,Cono Sur,2005,74.2,15.0,9.8,,,,,,,,7728.61,38.3,73.0,52.47
Chile,CHL,Cono Sur,2006,74.4,15.0,9.4,,,,,,27.8,,9500.84,39.0,73.5,53.06
Chile,CHL,Cono Sur,2007,75.0,15.0,8.6,,,,,,,,10513.54,40.0,73.5,54.42
Chile,CHL,Cono Sur,2008,75.6,15.0,9.6,,,,,,,,10791.02,42.1,74.0,56.89
Chile,CHL,Cono Sur,2009,74.8,14.2,10.8,,,,,,,,10217.31,42.6,73.3,58.12
Chile,CHL,Cono Sur,2010,75.1,14.2,9.6,,5.9,83.5,,4.5,29.6,,12785.05,46.8,74.3,62.99
Chile,CHL,Cono Sur,2011,62.2,14.2,8.7,,5.3,84.7,,,,,14582.17,48.7,74.9,65.02
Chile,CHL,Cono Sur,2012,,14.2,7.9,,5.6,84.2,,,,,15253.33,49.0,74.6,65.68
Chile,CHL,Cono Sur,2013,,14.2,7.0,,4.6,84.8,,,,,15764.76,49.2,74.8,65.78
Chile,CHL,Cono Sur,2014,,15.8,7.3,,,,,,,,14566.15,49.4,75.0,65.87
Colombia,COL,Región Andina,1990,,4.5,,,0.6,74.3,,,,,1175.15,31.6,77.3,40.88
Colombia,COL,Región Andina,1991,,,19.6,,0.6,73.4,,,,,1181.08,31.6,77.7,40.67
Colombia,COL,Región Andina,1992,71.7,,14.0,2.0,0.8,73.9,26.4,,,,1385.87,31.4,78.0,40.26
Colombia,COL,Región Andina,1993,72.8,,17.5,2.0,0.7,73.7,25.2,,,,1541.71,31.3,78.2,40.03
Colombia,COL,Región Andina,1994,73.9,,16.8,2.8,0.8,74.4,23.3,,,,2218.78,33.6,78.8,42.64
Colombia,COL,Región Andina,1995,71.0,,17.1,2.5,0.6,75.1,26.6,,,,2470.68,36.0,79.4,45.34
Colombia,COL,Región Andina,1996,71.5,,18.9,2.8,0.8,75.1,25.7,,,,2553.55,38.5,79.9,48.19
Colombia,COL,Región Andina,1997,70.0,11.7,15.9,2.8,0.5,77.9,27.1,,,,2759.95,41.0,80.4,51.0
Colombia,COL,Región Andina,1998,67.3,,17.9,2.4,0.6,78.4,30.3,,,,2509.14,43.5,80.9,53.77
Colombia,COL,Región Andina,1999,65.4,11.8,20.0,2.9,0.5,79.4,31.8,,,,2164.43,46.0,81.3,56.58
Colombia,COL,Región Andina,2000,55.1,11.8,22.2,2.5,0.5,79.5,42.4,,,,2472.2,48.5,81.8,59.29
Colombia,COL,Región Andina,2001,51.6,11.8,20.2,2.8,14.2,56.2,45.6,,,,2395.86,51.1,82.1,62.24
Colombia,COL,Región Andina,2002,51.3,12.0,20.9,2.9,5.5,77.4,45.9,,,,2355.73,53.5,82.5,64.85
Colombia,COL,Región Andina,2003,52.7,12.0,18.2,2.6,7.0,76.8,44.7,,,,2246.26,56.0,82.8,67.63
Colombia,COL,Región Andina,2004,51.3,12.0,18.4,3.2,6.4,76.3,45.5,,,,2740.25,53.6,81.2,66.01
Colombia,COL,Región Andina,2005,51.7,12.1,15.7,3.1,8.1,75.6,45.3,,,,3386.03,53.0,81.0,65.43
Colombia,COL,Región Andina,2006,52.3,8.4,15.1,3.1,6.1,75.8,44.6,,43.0,,3709.08,51.5,78.4,65.69
Colombia,COL,Región Andina,2007,55.6,8.4,14.7,3.2,5.8,78.2,41.2,,,,4674.21,50.7,77.8,65.17
Colombia,COL,Región Andina,2008,50.7,8.4,14.6,2.6,5.9,78.9,46.7,,,,5433.71,51.1,78.4,65.18
Colombia,COL,Región Andina,2009,48.5,8.4,15.5,2.9,6.2,77.9,48.5,,,53.44,5148.41,54.4,79.8,68.17
Colombia,COL,Región Andina,2010,47.7,12.7,15.9,2.8,6.6,77.7,49.3,12.1,35.3,53.12,6250.65,55.3,79.7,69.39
Colombia,COL,Región Andina,2011,46.7,12.1,14.8,2.9,7.0,77.1,50.2,,,,7227.77,55.5,79.7,69.64
Colombia,COL,Región Andina,2012,46.2,12.1,14.1,2.9,7.3,76.8,50.7,,,,7885.06,55.7,79.7,69.89
Colombia,COL,Región Andina,2013,47.9,12.1,12.8,2.9,6.8,78.6,49.0,,,,8030.69,55.8,79.7,70.01
Colombia,COL,Región Andina,2014,,19.9,13.3,,6.6,79.2,,,,,7918.08,56.0,79.7,70.26
Costa Rica,CRI,Centroamérica y México,1990,77.7,10.5,,1.9,6.4,68.7,20.5,,,,2391.3,32.9,84.0,39.17
Costa Rica,CRI,Centroamérica y México,1991,74.9,,7.7,2.1,6.7,66.5,23.0,,,,2255.46,33.5,82.7,40.51
Costa Rica,CRI,Centroamérica y México,1992,78.6,,5.7,1.8,5.4,69.1,19.7,,,,2631.99,33.0,82.1,40.19
Costa Rica,CRI,Centroamérica y México,1993,76.1,,5.4,2.3,6.1,70.1,21.6,,,,2884.85,33.9,82.7,40.99
Costa Rica,CRI,Centroamérica y México,1994,76.2,,6.0,3.7,5.1,71.6,20.1,,,,3081.87,34.8,82.5,42.18
Costa Rica,CRI,Centroamérica y México,1995,75.7,,6.8,3.2,6.2,72.2,21.1,,,,3338.82,35.8,83.4,42.93
Costa Rica,CRI,Centroamérica y México,1996,77.7,,8.6,4.4,5.7,75.1,17.9,,,,3292.77,34.0,81.5,41.72
Costa Rica,CRI,Centroamérica y México,1997,74.3,15.8,7.7,3.6,5.9,76.1,22.1,,,28.54,3483.56,37.2,82.7,44.98
Costa Rica,CRI,Centroamérica y México,1998,75.8,19.3,8.4,4.0,5.5,75.9,20.2,,,29.89,3743.13,39.4,83.4,47.24
Costa Rica,CRI,Centroamérica y México,1999,74.7,19.3,8.3,4.4,4.7,77.4,20.9,,,29.9,4104.36,39.0,82.6,47.22
Costa Rica,CRI,Centroamérica y México,2000,76.6,19.3,6.8,2.9,5.4,77.4,20.5,,,32.94,4062.32,37.1,81.5,45.52
Costa Rica,CRI,Centroamérica y México,2001,71.3,19.3,7.8,4.9,3.8,78.6,23.8,,,25.36,4104.18,42.2,81.5,51.78
Costa Rica,CRI,Centroamérica y México,2002,,35.1,8.1,,4.1,80.6,,,,26.14,4145.59,42.0,81.2,51.72
Costa Rica,CRI,Centroamérica y México,2003,71.1,35.1,8.3,4.9,4.1,81.1,24.0,,,29.08,4245.68,41.8,80.8,51.73
Costa Rica,CRI,Centroamérica y México,2004,70.6,35.1,8.6,4.4,4.0,82.7,25.0,,,26.18,4441.41,40.3,80.1,50.31
Costa Rica,CRI,Centroamérica y México,2005,73.1,35.1,9.7,4.3,4.8,82.5,22.6,,65.3,24.88,4700.01,44.0,80.5,54.66
Costa Rica,CRI,Centroamérica y México,2006,73.7,38.6,8.9,4.7,4.4,82.5,21.6,,,29.92,5228.03,44.0,80.3,54.79
Costa Rica,CRI,Centroamérica y México,2007,76.1,36.8,7.1,4.0,5.1,81.6,19.9,,,26.99,6024.08,45.1,81.0,55.68
Costa Rica,CRI,Centroamérica y México,2008,75.4,36.8,6.4,4.3,4.2,82.5,20.3,,,30.42,6736.17,45.0,80.0,56.25
Costa Rica,CRI,Centroamérica y México,2009,74.8,36.8,10.3,4.0,3.4,84.0,21.2,,,,6546.57,45.5,78.9,57.67
Costa Rica,CRI,Centroamérica y México,2010,79.6,38.6,9.7,1.8,4.8,83.1,18.6,15.4,43.5,29.69,7985.95,46.1,78.9,58.43
Costa Rica,CRI,Centroamérica y México,2011,78.9,38.6,10.6,2.2,4.3,84.2,18.9,,,35.2,8963.68,46.3,79.0,58.61
Costa Rica,CRI,Centroamérica y México,2012,79.8,38.6,10.5,2.0,3.9,84.6,18.3,,,,9733.4,46.4,79.0,58.73
Costa Rica,CRI,Centroamérica y México,2013,78.3,38.6,11.1,2.2,3.4,85.1,19.4,,,,10461.58,46.6,79.0,58.99
Costa Rica,CRI,Centroamérica y México,2014,,33.3,11.0,,,,,,,,10415.46,46.7,79.0,59.11
Cuba,CUB,Caribe,1990,,33.9,,,,,,,,,2706.98,35.0,72.3,48.41
Cuba,CUB,Caribe,1991,,,2.7,,,,,,,,2280.25,35.4,72.3,48.96
Cuba,CUB,Caribe,1992,,,7.1,,,,,,,,2057.22,35.8,72.3,49.52
Cuba,CUB,Caribe,1993,,,4.1,,,,,,,,2071.51,36.2,72.4,50.0
Cuba,CUB,Caribe,1994,,,4.3,,,,,,,,2621.14,36.6,72.4,50.55
Cuba,CUB,Caribe,1995,91.9,,9.8,,13.2,70.6,,,,,2790.07,36.9,72.4,50.97
Cuba,CUB,Caribe,1996,92.5,,9.0,,13.2,70.6,,,,,2283.56,37.2,72.1,51.6
Cuba,CUB,Caribe,1997,92.2,22.8,8.4,,13.2,70.6,,,,,2305.93,37.4,71.8,52.09
Cuba,CUB,Caribe,1998,91.9,27.6,7.3,,11.5,71.9,,,,,2330.81,37.6,71.3,52.73
Cuba,CUB,Caribe,1999,91.3,27.6,7.5,,14.2,71.9,,,,,2559.93,37.7,70.8,53.25
Cuba,CUB,Caribe,2000,91.5,27.6,6.4,,14.2,71.9,,,,,2749.46,37.7,70.2,53.7
Cuba,CUB,Caribe,2001,91.4,27.6,4.9,,9.2,75.1,,,,,2841.18,37.8,69.5,54.39
Cuba,CUB,Caribe,2002,91.7,27.6,3.9,,9.2,75.1,,,,,3003.29,37.9,68.8,55.09
Cuba,CUB,Caribe,2003,91.3,36.0,2.7,,9.2,75.1,,,,,3201.25,37.9,68.0,55.74
Cuba,CUB,Caribe,2004,91.6,36.0,2.3,,10.1,76.0,,,,,3398.62,38.0,67.3,56.46
Cuba,CUB,Caribe,2005,91.8,36.0,2.3,,9.4,77.4,,,,,3786.88,38.7,67.2,57.59
Cuba,CUB,Caribe,2006,92.0,36.0,2.2,,9.4,77.8,,,,,4677.71,39.5,67.1,58.87
Cuba,CUB,Caribe,2007,93.5,36.0,1.9,,8.6,79.1,,,,,5193.48,41.1,67.6,60.8
Cuba,CUB,Caribe,2008,93.4,43.2,2.0,,8.5,79.6,,,,,5385.74,41.5,68.4,60.67
Cuba,CUB,Caribe,2009,93.9,43.2,2.0,,8.3,80.1,,,,,5494.93,42.9,70.1,61.2
Cuba,CUB,Caribe,2010,94.0,43.2,2.8,,8.4,80.1,,,,,5688.67,43.1,70.1,61.48
Cuba,CUB,Caribe,2011,89.0,45.2,3.8,,8.8,79.3,,,,,6092.61,43.2,70.1,61.63
Cuba,CUB,Caribe,2012,,45.2,3.8,,8.0,78.6,,,,,6448.16,43.3,70.1,61.77
Cuba,CUB,Caribe,2013,,48.9,3.8,,7.7,81.0,,,,,6789.85,43.4,70.0,62.0
Cuba,CUB,Caribe,2014,,48.9,3.9,,,,,,,,,43.5,70.0,62.14
Ecuador,ECU,Región Andina,1990,44.8,4.5,,2.7,2.5,81.0,40.8,,,,1491.4,39.3,84.0,46.79
Ecuador,ECU,Región Andina,1991,43.7,,5.2,3.5,2.3,81.3,40.7,,,,1623.99,40.1,83.9,47.79
Ecuador,ECU,Región Andina,1992,42.4,,6.9,4.2,1.9,81.0,43.1,,,,1690.15,41.3,83.9,49.23
Ecuador,ECU,Región Andina,1993,41.5,,6.7,5.7,2.4,81.0,41.8,,,,1729.37,42.6,83.9,50.77
Ecuador,ECU,Región Andina,1994,43.7,,11.6,5.0,2.4,82.6,39.5,,,,2028.2,43.5,83.9,51.85
Ecuador,ECU,Región Andina,1995,43.6,,6.6,4.2,2.0,83.2,40.8,,,,2135.63,44.6,83.8,53.22
Ecuador,ECU,Región Andina,1996,43.7,,6.8,4.2,1.9,84.1,40.4,,,,2159.15,45.6,83.8,54.42
Ecuador,ECU,Región Andina,1997,46.1,3.7,10.6,4.5,1.9,82.7,37.1,,,,2361.6,46.4,83.8,55.37
Ecuador,ECU,Región Andina,1998,42.9,17.4,8.1,4.6,2.3,84.0,39.8,,,,2300.41,47.3,83.8,56.44
Ecuador,ECU,Región Andina,1999,57.0,17.4,9.1,4.8,2.4,82.7,38.2,,,,1584.46,49.0,83.8,58.47
Ecuador,ECU,Región Andina,2000,48.8,14.6,10.1,2.1,21.0,65.4,49.1,,,29.3,1451.29,49.9,83.8,59.55
Ecuador,ECU,Región Andina,2001,42.4,14.6,13.0,3.1,27.3,58.5,53.8,,,25.28,1903.74,56.7,86.5,65.55
Ecuador,ECU,Región Andina,2002,,,14.1,,,,,,,25.02,2183.97,55.2,85.4,64.64
Ecuador,ECU,Región Andina,2003,47.3,16.0,12.3,3.4,24.7,64.5,49.3,,,,2440.47,53.9,84.2,64.01
Ecuador,ECU,Región Andina,2004,41.1,16.0,9.0,4.3,28.8,59.9,54.6,,,33.5,2708.56,57.5,84.7,67.89
Ecuador,ECU,Región Andina,2005,46.1,16.0,9.3,3.9,26.7,63.3,49.9,,,34.62,3021.94,55.3,84.7,65.29
Ecuador,ECU,Región Andina,2006,43.6,25.0,9.1,3.7,27.0,62.3,52.7,,32.7,27.72,3350.78,56.6,85.8,65.97
Ecuador,ECU,Región Andina,2007,45.1,25.0,6.8,3.0,24.0,64.8,51.9,,,,3590.71,54.2,84.1,64.45
Ecuador,ECU,Región Andina,2008,47.5,25.0,8.5,2.9,22.1,66.5,49.6,,,,4274.94,52.7,83.3,63.27
Ecuador,ECU,Región Andina,2009,46.3,32.3,8.5,2.3,22.1,66.5,51.4,,,,4255.56,52.9,82.5,64.12
Ecuador,ECU,Región Andina,2010,48.6,32.3,6.6,1.9,21.3,67.5,49.5,17.0,24.1,,4657.3,53.7,82.5,65.09
Ecuador,ECU,Región Andina,2011,45.9,32.3,5.7,2.0,21.0,67.6,52.2,,,40.74,5223.38,54.1,82.6,65.5
Ecuador,ECU,Región Andina,2012,56.1,32.3,4.9,2.2,21.2,67.5,41.7,,,39.7,5702.17,54.4,82.6,65.86
Ecuador,ECU,Región Andina,2013,49.7,38.7,5.5,1.6,20.3,67.5,47.9,,,,6051.61,54.7,82.7,66.14
Ecuador,ECU,Región Andina,2014,,41.6,6.2,,,,,,,,6345.84,55.0,82.7,66.51
El Salvador,SLV,Centroamérica y México,1990,,11.7,,,2.7,74.9,,,,,914.09,40.6,83.1,48.86
El Salvador,SLV,Centroamérica y México,1991,,,4.0,,5.0,71.2,,,,,998.01,40.7,83.1,48.98
El Salvador,SLV,Centroamérica y México,1992,,,5.1,,14.8,62.7,,,,44.19,1104.33,40.8,83.1,49.1
El Salvador,SLV,Centroamérica y México,1993,49.8,,6.6,3.0,,,46.0,,,,1270.27,42.8,82.9,51.63
El Salvador,SLV,Centroamérica y México,1994,50.4,,5.1,3.2,8.3,65.5,46.1,,,,1462.66,44.2,83.1,53.19
El Salvador,SLV,Centroamérica y México,1995,41.5,,5.9,2.9,7.7,66.4,46.0,,,25.71,1699.94,42.6,83.0,51.33
El Salvador,SLV,Centroamérica y México,1996,39.7,,6.5,2.6,7.9,67.9,46.5,,,28.89,1827.9,41.4,81.2,50.99
El Salvador,SLV,Centroamérica y México,1997,40.7,15.5,5.4,3.0,7.0,72.2,45.3,,,34.9,1956.1,41.6,80.7,51.55
El Salvador,SLV,Centroamérica y México,1998,53.5,16.7,5.9,1.9,6.3,68.7,44.5,,,27.91,2093.49,44.8,80.8,55.45
El Salvador,SLV,Centroamérica y México,1999,54.2,16.7,4.7,2.5,,,43.1,,,33.34,2158.14,45.0,79.6,56.53
El Salvador,SLV,Centroamérica y México,2000,41.2,9.5,4.5,3.1,3.8,71.4,45.6,,,26.09,2259.89,44.8,78.7,56.93
El Salvador,SLV,Centroamérica y México,2001,40.0,9.5,4.4,2.9,4.1,73.3,46.3,,,25.35,2363.27,44.5,77.7,57.27
El Salvador,SLV,Centroamérica y México,2002,40.8,9.5,3.5,2.6,2.7,73.2,47.2,,,25.72,2435.47,44.3,76.7,57.76
El Salvador,SLV,Centroamérica y México,2003,42.3,10.7,3.5,2.7,3.9,73.9,45.0,,,32.1,2549.89,45.4,78.4,57.91
El Salvador,SLV,Centroamérica y México,2004,41.3,10.7,3.9,2.8,3.4,74.6,45.3,,,32.99,2666.34,43.9,77.4,56.72
El Salvador,SLV,Centroamérica y México,2005,40.5,10.7,4.2,2.9,4.8,74.5,47.2,,,27.35,2874.26,44.7,77.7,57.53
El Salvador,SLV,Centroamérica y México,2006,42.5,16.7,3.9,2.8,4.8,75.6,44.0,,39.6,28.83,3108.59,45.4,77.9,58.28
El Salvador,SLV,Centroamérica y México,2007,52.5,16.7,3.7,3.2,3.6,75.6,44.3,,,24.66,3358.42,45.6,78.6,58.02
El Salvador,SLV,Centroamérica y México,2008,52.1,16.7,3.6,2.6,4.8,74.0,45.2,,,38.07,3569.34,45.9,79.4,57.81
El Salvador,SLV,Centroamérica y México,2009,43.3,19.0,4.9,1.9,4.8,76.9,54.8,,,37.88,3431.28,46.5,79.3,58.64
El Salvador,SLV,Centroamérica y México,2010,51.1,19.0,5.2,2.9,5.4,76.2,46.0,21.4,40.2,28.95,3547.07,47.2,79.2,59.6
El Salvador,SLV,Centroamérica y México,2011,51.7,19.0,4.5,2.7,6.6,74.7,45.7,,,,3821.34,47.4,79.1,59.92
El Salvador,SLV,Centroamérica y México,2012,51.6,26.2,4.4,3.1,5.0,76.6,45.1,,,37.11,3921.72,47.6,79.0,60.25
El Salvador,SLV,Centroamérica y México,2013,41.4,26.2,4.5,3.1,4.5,78.0,45.8,,,,3998.74,47.8,79.0,60.51
El Salvador,SLV,Centroamérica y México,2014,,27.4,4.4,,,,,,,,4102.06,48.1,79.0,60.89
Guatemala,GTM,Centroamérica y México,1990,,7.0,,,3.2,75.0,,,,,835.3,40.5,87.9,46.08
Guatemala,GTM,Centroamérica y México,1991,,,3.3,,2.6,70.2,,,,,1002.25,40.6,87.8,46.24
Guatemala,GTM,Centroamérica y México,1992,,,3.4,,,,,,,,1085.43,40.7,87.5,46.51
Guatemala,GTM,Centroamérica y México,1993,,,3.4,,,,,,,,1156.17,40.8,87.4,46.68
Guatemala,GTM,Centroamérica y México,1994,67.8,,3.3,2.2,,,29.9,,,,1284.65,40.9,87.2,46.9
Guatemala,GTM,Centroamérica y México,1995,,,4.2,,,,,,,,1415.12,41.1,86.9,47.3
Guatemala,GTM,Centroamérica y México,1996,,,4.2,,,,,,,,1487.1,41.2,86.8,47.47
Guatemala,GTM,Centroamérica y México,1997,,12.5,6.0,,,,,,,,1636.21,41.4,86.6,47.81
Guatemala,GTM,Centroamérica y México,1998,42.9,12.5,4.1,1.7,17.0,58.5,55.4,,,,1741.4,41.6,86.3,48.2
Guatemala,GTM,Centroamérica y México,1999,,7.1,2.4,,,,,,,,1605.53,41.8,86.1,48.55
Guatemala,GTM,Centroamérica y México,2000,43.0,8.8,1.8,1.6,18.8,57.0,55.4,,,,1650.37,41.9,86.0,48.72
Guatemala,GTM,Centroamérica y México,2001,,8.8,1.6,,,,,,,,1561.6,42.1,86.0,48.95
Guatemala,GTM,Centroamérica y México,2002,35.2,8.8,3.9,2.4,18.1,55.6,62.5,,,,1692.96,42.2,85.9,49.13
Guatemala,GTM,Centroamérica y México,2003,37.3,8.2,3.5,2.7,18.4,56.3,60.0,,,,1743.17,42.4,86.0,49.3
Guatemala,GTM,Centroamérica y México,2004,39.2,8.2,3.9,2.5,15.3,64.4,58.4,,,,1860.99,42.5,85.9,49.48
Guatemala,GTM,Centroamérica y México,2005,,8.2,3.0,,,,,,,,2064.05,44.9,87.4,51.37
Guatemala,GTM,Centroamérica y México,2006,,8.2,2.2,,16.0,63.3,,,28.4,,2241.01,47.3,88.5,53.45
Guatemala,GTM,Centroamérica y México,2007,,12.0,3.1,,,,,,,,2472.39,47.7,88.1,54.14
Guatemala,GTM,Centroamérica y México,2008,,12.0,3.5,,,,,,,,2774.32,48.0,88.0,54.55
Guatemala,GTM,Centroamérica y México,2009,,12.0,4.0,,,,,,,,2617.11,48.4,88.2,54.88
Guatemala,GTM,Centroamérica y México,2010,42.6,12.0,4.3,2.2,,,,15.7,44.2,,2805.95,48.8,88.2,55.33
Guatemala,GTM,Centroamérica y México,2011,53.6,13.3,6.3,1.6,14.3,64.8,44.8,,,,3166.58,48.9,88.2,55.44
Guatemala,GTM,Centroamérica y México,2012,41.5,13.3,3.6,2.6,12.6,71.8,55.9,,,,3278.63,49.1,88.2,55.67
Guatemala,GTM,Centroamérica y México,2013,46.5,13.3,3.0,2.3,10.9,74.6,,,,,3432.02,49.3,88.2,55.9
Guatemala,GTM,Centroamérica y México,2014,,13.3,3.0,,,,,,,,3666.59,49.5,88.2,56.12
Haití,HTI,Caribe,1990,21.2,,,,49.6,37.8,,,,,,56.8,77.4,73.39
Haití,HTI,Caribe,1991,,,14.8,,,,,,,,479.55,56.9,76.7,74.19
Haití,HTI,Caribe,1992,,,14.9,,,,,,,,305.55,57.0,76.0,75.0
Haití,HTI,Caribe,1993,,,15.0,,,,,,,,249.41,57.1,75.2,75.93
Haití,HTI,Caribe,1994,,,15.3,,,,,,,,282.42,57.2,74.4,76.88
Haití,HTI,Caribe,1995,,,13.8,,,,,,,,359.77,57.2,73.5,77.82
Haití,HTI,Caribe,1996,,,14.1,,,,,,,,365.0,57.1,72.6,78.65
Haití,HTI,Caribe,1997,,3.6,14.1,,,,,,,,411.6,57.1,71.7,79.64
Haití,HTI,Caribe,1998,,3.6,14.1,,,,,,,,450.92,57.0,70.7,80.62
Haití,HTI,Caribe,1999,,3.6,8.3,,37.3,56.7,,,,,494.23,56.9,69.8,81.52
Haití,HTI,Caribe,2000,,,8.5,,,,,,,,462.48,56.9,69.0,82.46
Haití,HTI,Caribe,2001,,3.6,8.7,,,,,,,,413.74,57.1,69.0,82.75
Haití,HTI,Caribe,2002,,3.6,8.7,,,,,,,,393.02,57.4,69.0,83.19
Haití,HTI,Caribe,2003,,3.6,8.6,,,,,,,,329.78,57.7,69.1,83.5
Haití,HTI,Caribe,2004,,3.6,9.1,,,,,,,,387.94,58.1,69.3,83.84
Haití,HTI,Caribe,2005,,3.6,8.5,,,,,,,,465.31,58.4,69.5,84.03
Haití,HTI,Caribe,2006,,2.0,8.4,,,,,,,,505.58,58.7,69.6,84.34
Haití,HTI,Caribe,2007,,4.1,8.3,,,,,,,,615.82,59.0,69.8,84.53
Haití,HTI,Caribe,2008,,4.1,8.5,,,,,,,,674.75,59.4,70.0,84.86
Haití,HTI,Caribe,2009,,4.1,8.2,,,,,,,,668.29,59.7,70.2,85.04
Haití,HTI,Caribe,2010,,11.1,9.1,,,,,,,,662.28,60.1,70.5,85.25
Haití,HTI,Caribe,2011,,4.2,7.8,,,,,,,,740.95,60.3,70.7,85.29
Haití,HTI,Caribe,2012,,4.2,8.1,,,,,,,,766.87,60.6,70.8,85.59
Haití,HTI,Caribe,2013,,4.2,7.8,,,,,,,,810.33,60.9,71.0,85.77
Haití,HTI,Caribe,2014,,4.2,7.8,,,,,,,,830.15,61.1,71.1,85.94
Honduras,HND,Centroamérica y México,1990,48.9,10.2,,0.7,5.8,71.4,50.2,,,,621.8,33.2,86.2,38.52
Honduras,HND,Centroamérica y México,1991,52.7,,6.4,0.6,,,46.5,,,,608.69,33.3,86.1,38.68
Honduras,HND,Centroamérica y México,1992,54.9,,4.3,0.5,6.2,69.1,44.6,,,,660.19,35.0,85.9,40.75
Honduras,HND,Centroamérica y México,1993,,,4.3,,,,,,,,654.75,35.0,86.4,40.51
Honduras,HND,Centroamérica y México,1994,54.7,,4.1,1.5,5.9,65.2,43.7,,,,629.16,35.0,86.8,40.32
Honduras,HND,Centroamérica y México,1995,51.2,,4.3,2.3,6.4,64.9,46.3,,,,699.51,35.0,87.2,40.14
Honduras,HND,Centroamérica y México,1996,47.8,,5.9,2.2,7.6,63.6,49.9,,,,704.69,40.1,87.8,45.67
Honduras,HND,Centroamérica y México,1997,47.7,,4.4,2.3,7.1,65.7,50.0,,,,796.32,40.6,87.9,46.19
Honduras,HND,Centroamérica y México,1998,47.6,9.4,5.3,2.6,7.8,65.7,49.8,,,,869.11,42.4,88.4,47.96
Honduras,HND,Centroamérica y México,1999,44.4,9.4,4.0,1.9,8.9,66.5,53.3,,,,878.65,46.0,89.0,51.69
Honduras,HND,Centroamérica y México,2000,,9.4,4.1,,,,,,,,1138.15,44.4,88.0,50.45
Honduras,HND,Centroamérica y México,2001,50.4,9.4,4.4,2.5,7.0,67.6,47.2,,,,1187.59,42.2,87.0,48.51
Honduras,HND,Centroamérica y México,2002,47.6,5.5,4.7,2.3,8.9,64.7,50.1,,,,1196.56,38.9,85.6,45.44
Honduras,HND,Centroamérica y México,2003,44.7,5.5,6.5,2.2,8.7,65.9,53.0,,,,1228.48,39.0,84.8,45.99
Honduras,HND,Centroamérica y México,2004,50.0,5.5,8.5,2.3,7.2,68.9,47.6,,,,1298.94,39.1,83.9,46.6
Honduras,HND,Centroamérica y México,2005,52.6,23.4,6.3,1.7,13.1,63.4,45.7,,,,1405.78,39.6,83.7,47.31
Honduras,HND,Centroamérica y México,2006,46.8,23.4,4.1,2.0,10.6,67.0,51.0,,39.9,,1547.27,40.2,83.3,48.26
Honduras,HND,Centroamérica y México,2007,46.0,23.4,3.9,1.7,10.0,68.1,52.2,,,,1720.77,40.7,83.0,49.04
Honduras,HND,Centroamérica y México,2008,47.0,23.4,4.1,1.8,10.4,68.2,51.2,,,,1899.55,41.1,82.9,49.58
Honduras,HND,Centroamérica y México,2009,41.6,18.0,4.4,2.0,11.9,67.9,56.4,,,,1975.8,41.5,83.0,50.0
Honduras,HND,Centroamérica y México,2010,41.3,18.0,6.6,1.9,12.5,67.9,56.8,31.7,43.3,,2110.82,41.9,82.9,50.54
Honduras,HND,Centroamérica y México,2011,,19.5,6.3,,9.6,69.7,,,,,2323.76,42.2,82.9,50.9
Honduras,HND,Centroamérica y México,2012,,19.5,5.3,,11.5,67.4,,,,,2395.07,42.5,82.9,51.27
Honduras,HND,Centroamérica y México,2013,,19.5,5.1,,10.3,70.2,,,,,2356.52,42.8,82.9,51.63
Honduras,HND,Centroamérica y México,2014,,25.8,5.1,,,,,,,,2434.28,43.1,82.9,51.99
Jamaica,JAM,Caribe,1990,,5.0,,,,,,,,,1921.43,66.4,81.8,81.17
Jamaica,JAM,Caribe,1991,61.3,,22.6,0.9,,,37.4,,,,1692.08,66.9,81.5,82.09
Jamaica,JAM,Caribe,1992,61.7,,22.3,0.7,15.9,71.7,37.1,,,,1457.21,67.4,81.2,83.0
Jamaica,JAM,Caribe,1993,63.4,,22.5,0.9,12.0,75.1,35.0,,,,1990.87,67.8,80.9,83.81
Jamaica,JAM,Caribe,1994,63.9,,22.0,1.2,12.1,75.0,34.5,,,,1995.06,68.3,80.5,84.84
Jamaica,JAM,Caribe,1995,65.3,,22.4,1.5,11.7,75.8,32.4,,,,2330.36,66.7,80.1,83.27
Jamaica,JAM,Caribe,1996,65.0,,22.9,1.5,11.3,76.9,32.8,,,,2591.49,65.0,79.6,81.66
Jamaica,JAM,Caribe,1997,65.4,11.7,23.7,1.9,10.1,79.7,31.6,,,,2940.06,63.0,79.1,79.65
Jamaica,JAM,Caribe,1998,65.5,13.6,22.3,1.7,9.9,81.5,32.3,,,,3409.87,60.8,78.6,77.35
Jamaica,JAM,Caribe,1999,64.7,13.3,22.8,1.7,8.9,83.3,32.8,,,,3416.77,60.0,78.1,76.82
Jamaica,JAM,Caribe,2000,64.8,13.3,22.4,1.6,9.2,84.1,33.0,,,,3448.45,59.3,77.7,76.32
Jamaica,JAM,Caribe,2001,65.3,13.3,21.1,1.2,9.6,84.2,33.1,,,,3487.9,58.5,77.4,75.58
Jamaica,JAM,Caribe,2002,67.7,,19.7,1.9,9.9,83.2,29.9,,,,3706.78,57.9,77.0,75.19
Jamaica,JAM,Caribe,2003,67.5,11.7,17.0,1.9,8.8,84.7,30.1,,,,3581.16,57.2,76.6,74.67
Jamaica,JAM,Caribe,2004,65.8,11.7,15.8,1.7,8.8,85.7,32.4,,,,3853.61,57.1,76.3,74.84
Jamaica,JAM,Caribe,2005,66.7,11.7,15.1,1.8,8.5,86.0,31.1,,,,4238.32,57.5,76.2,75.46
Jamaica,JAM,Caribe,2006,66.1,11.7,13.3,2.1,8.3,86.8,31.4,,,,4487.5,57.8,76.0,76.05
Jamaica,JAM,Caribe,2007,68.4,13.3,13.0,2.1,8.1,85.7,29.0,,,,4816.6,58.2,75.8,76.78
Jamaica,JAM,Caribe,2008,66.6,13.3,14.5,2.1,9.4,82.9,31.1,,,,5119.34,58.5,75.5,77.48
Jamaica,JAM,Caribe,2009,,13.3,14.8,,9.6,83.1,,,,,4489.27,56.6,73.1,77.43
Jamaica,JAM,Caribe,2010,,13.3,16.1,,9.4,83.6,,24.1,38.2,,4902.03,55.7,71.5,77.9
Jamaica,JAM,Caribe,2011,67.4,12.7,16.7,2.2,8.0,85.4,30.1,,,,5332.47,55.5,71.1,78.06
Jamaica,JAM,Caribe,2012,67.0,12.7,17.6,2.3,7.9,85.6,30.5,,,,5445.89,56.1,71.0,79.01
Jamaica,JAM,Caribe,2013,,12.7,19.5,,8.2,85.9,,,,,5253.79,56.1,70.9,79.13
Jamaica,JAM,Caribe,2014,,12.7,17.3,,,,,,,,5119.22,56.1,70.9,79.13
México,MEX,Centroamérica y México,1990,79.6,12.0,,,3.4,70.3,,,,,3068.7,34.3,83.9,40.88
México,MEX,Centroamérica y México,1991,62.2,,4.2,,10.8,69.7,,,,15.32,3600.05,34.1,84.5,40.36
México,MEX,Centroamérica y México,1992,60.7,,4.0,,10.1,71.5,,,,,4080.45,35.0,84.9,41.22
México,MEX,Centroamérica y México,1993,59.0,,3.9,,11.1,71.0,,,,19.67,5544.93,36.1,85.3,42.32
México,MEX,Centroamérica y México,1994,57.4,,4.8,,10.6,71.8,,,,,5690.67,36.7,84.3,43.53
México,MEX,Centroamérica y México,1995,59.5,,8.6,,9.8,74.7,,,,19.1,3640.83,37.9,82.9,45.72
México,MEX,Centroamérica y México,1996,61.1,,6.7,,9.7,72.1,,,,22.7,4131.81,37.9,83.1,45.61
México,MEX,Centroamérica y México,1997,58.7,14.2,6.1,,11.8,69.5,,,,20.42,4907.33,39.9,83.8,47.61
México,MEX,Centroamérica y México,1998,61.6,17.4,4.9,,7.9,71.5,,,,20.8,5038.63,39.6,83.8,47.26
México,MEX,Centroamérica y México,1999,62.2,18.2,3.6,,8.5,70.0,,,,22.81,5722.12,38.8,83.1,46.69
México,MEX,Centroamérica y México,2000,64.8,16.0,3.3,,7.2,70.6,,,,23.6,6649.72,39.1,82.4,47.45
México,MEX,Centroamérica y México,2001,64.4,16.0,3.2,,6.2,71.8,,,,25.22,6952.29,38.4,81.9,46.89
México,MEX,Centroamérica y México,2002,63.4,16.0,3.5,,6.5,72.9,,,,23.65,7023.79,39.1,81.5,47.98
México,MEX,Centroamérica y México,2003,63.3,22.6,3.7,,5.7,74.7,,,,23.73,6673.17,38.6,80.9,47.71
México,MEX,Centroamérica y México,2004,62.9,22.6,4.7,,6.0,74.6,,,,24.62,7115.12,40.8,81.3,50.18
México,MEX,Centroamérica y México,2005,64.7,24.2,3.6,,4.9,75.8,,,,28.4,7893.97,41.1,80.8,50.87
México,MEX,Centroamérica y México,2006,65.4,22.6,3.5,,4.7,76.4,,,24.8,27.32,8666.34,42.2,81.5,51.78
México,MEX,Centroamérica y México,2007,65.3,23.2,3.7,,4.4,77.1,,,,31.06,9222.88,42.9,81.2,52.83
México,MEX,Centroamérica y México,2008,65.3,23.2,3.9,,4.0,77.5,,,,30.72,9578.57,43.5,81.1,53.64
México,MEX,Centroamérica y México,2009,65.6,27.6,4.8,,4.4,77.1,,,,,7661.21,42.8,79.7,53.7
México,MEX,Centroamérica y México,2010,64.5,26.2,5.2,,4.0,77.5,,14.6,25.7,,8861.49,43.8,80.5,54.41
México,MEX,Centroamérica y México,2011,65.3,26.2,5.3,,3.6,79.8,,,,,9730.28,43.2,79.4,54.41
México,MEX,Centroamérica y México,2012,64.9,36.8,4.9,,4.1,79.8,,,,,9720.56,45.0,80.0,56.25
México,MEX,Centroamérica y México,2013,66.2,36.8,5.0,,3.7,79.8,,,,,10197.44,45.1,79.9,56.45
México,MEX,Centroamérica y México,2014,,37.4,5.0,,,,,,,,10350.81,45.1,79.9,56.45
Nicaragua,NIC,Centroamérica y México,1990,,14.8,,,,,,,,,243.56,35.0,83.1,42.12
Nicaragua,NIC,Centroamérica y México,1991,,,4.7,,,,,,,,351.4,34.6,83.4,41.49
Nicaragua,NIC,Centroamérica y México,1992,,,4.7,,,,,,,,413.92,34.3,83.8,40.93
Nicaragua,NIC,Centroamérica y México,1993,51.3,,4.6,1.8,,,47.0,,,,396.8,34.0,84.1,40.43
Nicaragua,NIC,Centroamérica y México,1994,,,3.9,,,,,,,,854.55,33.7,84.4,39.93
Nicaragua,NIC,Centroamérica y México,1995,56.9,,5.3,0.7,,,42.4,,,,897.72,33.4,84.7,39.43
Nicaragua,NIC,Centroamérica y México,1996,57.8,,4.6,0.8,,,41.4,,,,916.52,34.3,84.3,40.69
Nicaragua,NIC,Centroamérica y México,1997,57.9,10.8,4.0,1.1,,,41.0,,,,917.13,35.2,83.8,42.0
Nicaragua,NIC,Centroamérica y México,1998,56.3,10.8,4.5,1.6,,,42.1,,,,951.87,36.2,83.4,43.41
Nicaragua,NIC,Centroamérica y México,1999,57.3,9.7,4.0,1.4,,,41.2,,,,981.02,37.2,82.9,44.87
Nicaragua,NIC,Centroamérica y México,2000,51.8,9.7,3.7,1.1,,,47.1,,,,1016.02,38.2,82.5,46.3
Nicaragua,NIC,Centroamérica y México,2001,,,4.1,,,,,,,,1043.6,39.2,82.1,47.75
Nicaragua,NIC,Centroamérica y México,2002,,20.7,4.4,,,,,,,,1010.15,40.3,81.7,49.33
Nicaragua,NIC,Centroamérica y México,2003,48.4,20.7,8.2,2.4,10.4,72.3,49.2,,,40.18,1015.57,41.3,81.3,50.8
Nicaragua,NIC,Centroamérica y México,2004,50.7,20.7,6.8,2.1,10.6,72.8,47.2,,,38.53,1091.51,42.4,80.9,52.41
Nicaragua,NIC,Centroamérica y México,2005,50.7,20.7,5.6,2.5,8.3,72.6,46.8,,,40.34,1175.12,43.5,80.5,54.04
Nicaragua,NIC,Centroamérica y México,2006,51.8,15.2,5.0,2.5,8.4,73.8,45.7,,41.4,40.99,1245.14,44.6,80.0,55.75
Nicaragua,NIC,Centroamérica y México,2007,53.2,18.5,5.3,2.3,8.4,71.7,44.6,,,,1350.59,45.0,80.0,56.25
Nicaragua,NIC,Centroamérica y México,2008,52.0,18.5,7.0,2.2,6.2,75.0,45.8,,,,1517.8,45.4,79.9,56.82
Nicaragua,NIC,Centroamérica y México,2009,,20.7,7.8,,,,,,,,1478.97,45.8,79.9,57.32
Nicaragua,NIC,Centroamérica y México,2010,41.5,20.7,8.8,2.8,,,55.7,32.3,61.9,,1523.48,46.2,80.0,57.75
Nicaragua,NIC,Centroamérica y México,2011,,40.2,8.1,,,,,,,,1679.75,46.6,80.0,58.25
Nicaragua,NIC,Centroamérica y México,2012,,40.2,7.4,,,,,,,,1776.21,47.0,80.1,58.68
Nicaragua,NIC,Centroamérica y México,2013,,40.2,5.4,,,,,,,,1829.02,47.4,80.3,59.03
Nicaragua,NIC,Centroamérica y México,2014,,42.4,5.3,,,,,,,,1960.49,47.7,80.4,59.33
Panamá,PAN,Centroamérica y México,1990,,7.5,,,,,,,,,2276.68,38.9,79.3,49.05
Panamá,PAN,Centroamérica y México,1991,,,22.7,,,,,,,,2451.91,39.1,78.6,49.75
Panamá,PAN,Centroamérica y México,1992,83.5,,21.5,1.3,3.0,86.0,15.3,,,,2730.53,39.7,80.0,49.63
Panamá,PAN,Centroamérica y México,1993,84.0,,20.3,1.3,3.0,86.0,14.7,,,,2921.53,40.4,81.2,49.75
Panamá,PAN,Centroamérica y México,1994,83.0,,20.5,1.5,2.5,86.4,15.5,,,,3052.42,41.4,81.0,51.11
Panamá,PAN,Centroamérica y México,1995,80.4,,20.2,1.3,3.3,85.6,18.2,,,,3057.24,42.8,81.8,52.32
Panamá,PAN,Centroamérica y México,1996,79.9,,20.3,1.5,2.6,85.3,18.6,,,,3531.64,43.2,81.5,53.01
Panamá,PAN,Centroamérica y México,1997,79.0,9.7,18.3,1.5,2.3,86.4,19.6,,,,3742.76,43.7,81.1,53.88
Panamá,PAN,Centroamérica y México,1998,77.3,9.7,20.9,1.8,1.9,87.5,20.9,,,,3975.95,44.7,82.7,54.05
Panamá,PAN,Centroamérica y México,1999,77.0,,17.1,1.7,1.9,87.7,21.3,,,,4083.95,44.4,81.9,54.21
Panamá,PAN,Centroamérica y México,2000,79.3,9.9,17.8,1.6,1.7,89.2,19.1,,,,4062.39,45.0,81.6,55.15
Panamá,PAN,Centroamérica y México,2001,79.3,9.9,18.9,1.4,3.0,87.9,19.3,,,40.39,4050.03,45.6,81.2,56.16
Panamá,PAN,Centroamérica y México,2002,75.2,9.9,18.5,1.7,3.0,87.6,23.0,,,37.61,4132.06,46.2,80.7,57.25
Panamá,PAN,Centroamérica y México,2003,74.9,9.9,18.1,1.7,3.7,87.7,23.4,,,39.53,4275.98,46.8,80.7,57.99
Panamá,PAN,Centroamérica y México,2004,74.8,16.7,16.5,1.5,3.0,88.2,23.6,,,39.64,4604.44,47.0,81.4,57.74
Panamá,PAN,Centroamérica y México,2005,71.9,16.7,13.4,1.7,4.3,86.5,26.3,,,42.66,4933.05,47.9,81.2,58.99
Panamá,PAN,Centroamérica y México,2006,72.4,16.7,11.9,1.9,4.5,86.7,25.7,,37.1,45.05,5370.55,46.5,80.7,57.62
Panamá,PAN,Centroamérica y México,2007,74.6,16.7,8.8,1.8,3.4,86.9,23.5,,,43.55,6095.28,47.4,80.9,58.59
Panamá,PAN,Centroamérica y México,2008,73.1,16.7,7.7,2.2,3.9,86.7,24.6,,,48.08,7008.99,48.5,82.9,58.5
Panamá,PAN,Centroamérica y México,2009,67.0,8.5,9.0,1.9,8.0,81.8,31.2,,,46.01,7471.34,49.5,82.5,60.0
Panamá,PAN,Centroamérica y México,2010,69.8,8.5,8.6,2.0,7.7,82.6,28.2,23.5,24.7,47.9,7987.06,48.8,82.0,59.51
Panamá,PAN,Centroamérica y México,2011,73.9,8.5,5.0,2.2,7.1,83.3,23.9,,,45.97,9335.69,48.9,81.9,59.71
Panamá,PAN,Centroamérica y México,2012,71.3,8.5,5.0,1.7,8.5,82.7,26.9,,,,10672.36,49.0,81.9,59.83
Panamá,PAN,Centroamérica y México,2013,70.5,8.5,5.2,1.2,,,28.3,,,,11786.63,49.0,81.8,59.9
Panamá,PAN,Centroamérica y México,2014,70.7,19.3,5.6,1.5,,,27.8,,,,12712.43,49.1,81.7,60.1
Paraguay,PRY,Cono Sur,1990,66.8,5.6,,2.3,0.8,83.7,30.9,,,,1351.58,53.6,90.9,58.97
Paraguay,PRY,Cono Sur,1991,65.9,,8.5,4.3,0.4,85.9,29.8,,,,1615.48,54.2,90.9,59.63
Paraguay,PRY,Cono Sur,1992,68.7,,6.3,4.8,0.4,80.4,26.5,,,,1614.67,54.6,90.9,60.07
Paraguay,PRY,Cono Sur,1993,68.0,,9.1,4.2,0.5,85.8,27.7,,,,1596.14,55.1,90.9,60.62
Paraguay,PRY,Cono Sur,1994,59.7,,8.0,5.3,0.8,86.6,35.0,,,,1692.24,55.5,90.9,61.06
Paraguay,PRY,Cono Sur,1995,,,3.9,,36.5,55.5,,,,,1903.47,55.9,90.9,61.5
Paraguay,PRY,Cono Sur,1996,54.8,,5.3,3.5,,,41.6,,,,2009.65,53.4,89.9,59.4
Paraguay,PRY,Cono Sur,1997,47.4,2.5,6.7,3.6,13.6,75.3,49.0,,,,2000.91,50.7,88.7,57.16
Paraguay,PRY,Cono Sur,1998,47.1,,6.7,3.4,14.1,75.2,49.5,,,,1773.24,48.2,87.3,55.21
Paraguay,PRY,Cono Sur,1999,47.3,2.5,7.5,2.6,16.6,71.8,50.1,,,,1614.9,49.6,87.3,56.82
Paraguay,PRY,Cono Sur,2000,,2.5,9.2,,20.3,69.2,,,,,1545.63,51.1,86.7,58.94
Paraguay,PRY,Cono Sur,2001,45.1,2.5,9.2,3.0,20.3,69.2,51.9,,,,1417.26,52.4,86.1,60.86
Paraguay,PRY,Cono Sur,2002,44.7,2.5,13.6,1.6,20.0,70.0,53.6,,,,1148.23,53.0,86.0,61.63
Paraguay,PRY,Cono Sur,2003,45.4,8.8,10.1,2.4,20.5,69.3,52.2,,,,1174.78,53.5,85.9,62.28
Paraguay,PRY,Cono Sur,2004,42.9,10.0,9.3,2.1,24.4,64.3,55.0,,,,1408.53,54.0,85.8,62.94
Paraguay,PRY,Cono Sur,2005,48.7,10.0,7.3,2.4,22.3,68.7,48.8,,,,1507.15,54.6,85.7,63.71
Paraguay,PRY,Cono Sur,2006,46.8,10.0,8.4,2.4,21.6,69.5,50.8,,44.8,,1809.71,55.3,85.6,64.6
Paraguay,PRY,Cono Sur,2007,46.8,10.0,7.7,2.8,23.5,67.6,50.3,,,34.62,2312.19,55.9,85.5,65.38
Paraguay,PRY,Cono Sur,2008,49.2,12.5,7.6,2.3,19.2,71.1,48.4,,,34.06,3059.99,55.5,85.9,64.61
Paraguay,PRY,Cono Sur,2009,47.6,12.5,8.2,3.0,21.6,68.0,49.2,,,35.35,2599.59,57.2,86.4,66.2
Paraguay,PRY,Cono Sur,2010,50.4,12.5,7.1,2.9,19.1,72.3,46.5,22.8,51.6,32.04,3225.59,54.8,84.7,64.7
Paraguay,PRY,Cono Sur,2011,51.7,12.5,5.6,2.5,20.2,70.8,45.6,,,33.98,3983.5,55.1,84.8,64.98
Paraguay,PRY,Cono Sur,2012,48.5,12.5,6.1,3.5,23.0,68.7,49.0,,,32.34,3858.04,55.4,84.8,65.33
Paraguay,PRY,Cono Sur,2013,54.9,17.5,6.1,4.1,16.5,75.4,40.9,,,38.56,4479.96,55.7,84.8,65.68
Paraguay,PRY,Cono Sur,2014,54.8,15.0,5.6,4.2,16.6,74.3,41.0,,,33.82,4712.87,55.9,84.8,65.92
Perú,PER,Región Andina,1990,52.8,5.6,,1.7,0.6,79.7,45.5,,,,1177.92,46.0,77.6,59.28
Perú,PER,Región Andina,1991,55.2,,6.9,2.3,0.4,84.0,42.5,,,,1514.72,43.9,76.7,57.24
Perú,PER,Región Andina,1992,52.8,,5.7,1.5,0.3,86.9,45.7,,,,1547.29,45.4,78.1,58.13
Perú,PER,Región Andina,1993,54.7,,7.1,2.3,0.3,84.6,43.1,,,,1476.25,46.9,79.3,59.14
Perú,PER,Región Andina,1994,52.9,,6.2,2.9,0.3,85.3,44.2,,,,1849.84,48.4,80.4,60.2
Perú,PER,Región Andina,1995,53.6,,6.3,2.7,0.4,83.1,43.7,,,,2162.76,51.2,80.9,63.29
Perú,PER,Región Andina,1996,36.1,,7.0,2.5,3.6,84.2,52.0,,,26.66,2208.4,54.3,81.7,66.46
Perú,PER,Región Andina,1997,32.7,10.8,5.9,2.8,4.7,83.1,54.9,,,19.91,2289.16,57.5,82.4,69.78
Perú,PER,Región Andina,1998,36.2,10.8,5.6,3.3,3.1,85.9,50.2,,,27.23,2164.09,58.2,83.6,69.62
Perú,PER,Región Andina,1999,35.7,10.8,6.9,3.0,3.3,85.6,50.1,,,23.22,1929.98,61.1,83.4,73.26
Perú,PER,Región Andina,2000,32.6,,6.8,2.9,3.9,84.6,51.9,,,28.07,1967.24,57.6,82.8,69.57
Perú,PER,Región Andina,2001,33.2,17.5,5.5,3.0,6.1,83.8,52.7,,,27.04,1964.57,62.5,83.9,74.49
Perú,PER,Región Andina,2002,61.0,17.5,6.3,1.9,7.5,82.1,36.9,,,25.25,2046.38,60.5,81.6,74.14
Perú,PER,Región Andina,2003,58.4,17.5,6.7,3.1,7.7,82.8,38.5,,,27.5,2191.37,58.5,79.3,73.77
Perú,PER,Región Andina,2004,35.5,18.3,6.0,2.6,7.6,82.2,61.9,,,24.89,2445.45,58.0,79.3,73.14
Perú,PER,Región Andina,2005,36.5,18.3,5.8,3.0,8.0,80.9,60.5,,,26.12,2714.48,57.6,79.2,72.73
Perú,PER,Región Andina,2006,37.9,29.2,5.1,3.0,7.5,81.5,59.1,,32.8,28.04,3143.55,58.1,81.5,71.29
Perú,PER,Región Andina,2007,39.5,29.2,5.2,3.3,5.5,82.2,57.3,,,29.73,3611.2,64.9,84.0,77.26
Perú,PER,Región Andina,2008,40.2,29.2,5.0,2.9,5.5,81.9,56.9,,,19.44,4244.54,65.5,84.9,77.15
Perú,PER,Región Andina,2009,40.3,27.5,4.7,3.1,,,56.6,,,35.9,4178.82,67.5,84.4,79.98
Perú,PER,Región Andina,2010,40.9,27.5,4.3,3.2,,,55.9,14.1,28.7,29.05,5056.3,67.6,84.4,80.09
Perú,PER,Región Andina,2011,42.3,21.5,4.3,2.8,,,54.9,,,35.61,5731.7,67.8,84.4,80.33
Perú,PER,Región Andina,2012,43.6,21.5,4.3,3.0,,,53.4,,,29.34,6389.63,68.0,84.4,80.57
Perú,PER,Región Andina,2013,,21.5,4.6,,,,,,,29.71,6609.71,68.2,84.4,80.81
Perú,PER,Región Andina,2014,,22.3,4.8,,,,,,,,6549.39,68.4,84.4,81.04
República Dominicana,DOM,Caribe,1990,,7.5,,,,,,,,,984.69,44.1,84.3,52.31
República Dominicana,DOM,Caribe,1991,68.9,,33.5,1.1,2.6,73.7,30.0,,,,1327.45,44.2,84.4,52.37
República Dominicana,DOM,Caribe,1992,63.1,,36.2,1.6,2.7,75.5,35.3,,,,1510.02,44.3,83.7,52.93
República Dominicana,DOM,Caribe,1993,66.7,,34.3,1.6,2.8,75.1,31.7,,,,1704.85,44.5,83.3,53.42
República Dominicana,DOM,Caribe,1994,69.6,,27.1,1.1,2.2,76.5,29.3,,,,1871.67,44.6,83.3,53.54
República Dominicana,DOM,Caribe,1995,69.5,,25.5,1.7,1.7,77.9,28.8,,,,2072.68,44.8,82.9,54.04
República Dominicana,DOM,Caribe,1996,67.6,,27.3,2.0,3.5,75.6,30.5,,,25.0,2258.26,45.1,82.4,54.73
República Dominicana,DOM,Caribe,1997,66.6,11.7,25.7,1.2,2.2,76.8,32.2,,,24.9,2400.19,45.4,81.8,55.5
República Dominicana,DOM,Caribe,1998,64.4,16.1,23.5,1.9,2.4,75.4,33.6,,,27.13,2551.91,45.7,81.2,56.28
República Dominicana,DOM,Caribe,1999,65.1,16.1,22.4,2.8,2.8,76.8,32.1,,,33.89,2575.56,46.1,80.6,57.2
República Dominicana,DOM,Caribe,2000,69.7,16.1,23.6,1.8,2.5,77.4,28.5,,,30.59,2802.42,46.4,80.1,57.93
República Dominicana,DOM,Caribe,2001,67.7,16.1,22.2,2.3,1.9,81.3,30.0,,,30.91,2862.16,46.9,80.3,58.41
República Dominicana,DOM,Caribe,2002,67.3,17.3,18.8,2.1,1.9,82.7,30.7,,,30.56,3008.47,47.5,80.3,59.15
República Dominicana,DOM,Caribe,2003,69.4,17.3,26.2,1.8,1.7,81.9,28.8,,,31.01,2372.63,47.9,80.5,59.5
República Dominicana,DOM,Caribe,2004,69.8,17.3,28.8,3.0,1.9,81.8,27.1,,,32.81,2421.09,48.4,80.6,60.05
República Dominicana,DOM,Caribe,2005,66.4,17.3,28.0,2.9,2.8,80.7,30.7,,,32.43,3681.07,49.0,80.5,60.87
República Dominicana,DOM,Caribe,2006,67.5,19.7,25.4,2.9,2.2,82.5,29.6,,,41.72,3836.48,49.7,80.3,61.89
República Dominicana,DOM,Caribe,2007,67.3,19.7,25.6,2.5,2.1,83.4,30.2,,,30.61,4637.24,50.3,80.1,62.8
República Dominicana,DOM,Caribe,2008,64.7,19.7,22.6,2.9,2.2,82.5,32.4,,,,4996.94,50.6,79.7,63.49
República Dominicana,DOM,Caribe,2009,67.2,19.7,23.0,2.7,2.1,83.4,30.1,,,31.04,4933.94,50.8,79.5,63.9
República Dominicana,DOM,Caribe,2010,45.4,20.8,18.5,2.2,1.8,60.1,21.7,11.0,30.0,34.12,5441.97,51.0,78.9,64.64
República Dominicana,DOM,Caribe,2011,66.3,20.8,21.9,2.1,2.5,41.2,31.6,,,42.43,5820.4,51.1,78.8,64.85
República Dominicana,DOM,Caribe,2012,66.9,20.8,22.3,2.2,2.2,40.4,30.9,,,38.59,5967.0,51.2,78.7,65.06
República Dominicana,DOM,Caribe,2013,68.4,20.8,23.4,2.6,2.1,41.3,28.9,,,37.02,5952.33,51.3,78.6,65.27
República Dominicana,DOM,Caribe,2014,,20.8,23.4,,2.8,40.4,,,,,6147.34,51.4,78.5,65.48
Trinidad y Tobago,TTO,Caribe,1990,77.3,16.7,,1.7,6.3,80.0,20.8,,,35.69,4147.63,38.6,76.3,50.59
Trinidad y Tobago,TTO,Caribe,1991,77.1,,22.7,1.8,6.4,77.7,20.6,,,35.42,4230.59,44.0,66.6,66.07
Trinidad y Tobago,TTO,Caribe,1992,77.0,,23.6,2.2,5.5,80.2,20.0,,,33.83,4297.63,43.5,70.8,61.44
Trinidad y Tobago,TTO,Caribe,1993,76.2,,23.4,2.1,5.6,80.6,20.9,,,35.59,3681.55,43.2,73.7,58.62
Trinidad y Tobago,TTO,Caribe,1994,75.9,,21.8,1.8,6.2,80.5,21.4,,,36.5,3956.76,44.0,75.1,58.59
Trinidad y Tobago,TTO,Caribe,1995,77.1,,20.5,2.2,5.0,82.3,19.9,,,39.74,4246.38,44.8,75.9,59.03
Trinidad y Tobago,TTO,Caribe,1996,78.5,,21.1,2.4,4.5,82.7,18.3,,,41.69,4577.0,46.9,75.5,62.12
Trinidad y Tobago,TTO,Caribe,1997,77.6,11.1,19.6,2.8,3.9,83.5,18.5,,,41.99,4551.33,46.9,75.9,61.79
Trinidad y Tobago,TTO,Caribe,1998,80.1,11.1,18.8,2.2,3.4,83.4,17.0,,,39.74,4786.92,46.8,76.2,61.42
Trinidad y Tobago,TTO,Caribe,1999,79.4,11.1,16.7,2.3,2.8,84.1,17.5,,,41.87,5383.53,46.7,76.1,61.37
Trinidad y Tobago,TTO,Caribe,2000,80.1,,15.1,2.6,2.9,83.7,16.8,,,39.23,6430.97,46.5,76.3,60.94
Trinidad y Tobago,TTO,Caribe,2001,80.0,11.1,14.2,3.2,3.1,83.8,16.2,,,39.85,6935.71,47.0,75.8,62.01
Trinidad y Tobago,TTO,Caribe,2002,82.4,19.4,14.4,2.5,2.0,83.7,14.3,,,37.81,7049.61,47.6,75.3,63.21
Trinidad y Tobago,TTO,Caribe,2003,82.6,19.4,14.5,2.4,2.0,84.5,14.4,,,39.34,8804.52,49.6,75.6,65.61
Trinidad y Tobago,TTO,Caribe,2004,84.0,19.4,11.4,2.4,2.0,82.6,12.7,,,40.93,10290.52,51.5,75.9,67.85
Trinidad y Tobago,TTO,Caribe,2005,83.0,19.4,11.0,2.8,1.7,82.0,13.2,,,43.48,12323.14,53.5,76.2,70.21
Trinidad y Tobago,TTO,Caribe,2006,,19.4,8.8,,2.0,82.1,,,,,14096.0,53.6,75.9,70.62
Trinidad y Tobago,TTO,Caribe,2007,,26.8,7.9,,1.8,83.1,,,,,16530.18,52.4,76.7,68.32
Trinidad y Tobago,TTO,Caribe,2008,,26.8,6.2,,1.8,82.0,,,,,21188.12,53.0,75.8,69.92
Trinidad y Tobago,TTO,Caribe,2009,84.4,26.8,6.3,2.5,,,11.7,,,,14508.81,51.7,75.7,68.3
Trinidad y Tobago,TTO,Caribe,2010,84.3,28.6,7.0,2.6,,,11.9,20.8,45.1,,15840.44,52.5,75.4,69.63
Trinidad y Tobago,TTO,Caribe,2011,,28.6,5.6,,,,,,,,18287.39,52.7,75.5,69.8
Trinidad y Tobago,TTO,Caribe,2012,,28.6,6.2,,,,,,,,18322.32,52.9,75.5,70.07
Trinidad y Tobago,TTO,Caribe,2013,83.8,28.6,4.7,3.5,,,11.6,,,,20217.03,53.0,75.5,70.2
Trinidad y Tobago,TTO,Caribe,2014,,28.6,5.3,,,,,,,,21317.45,53.1,75.4,70.42
Uruguay,URY,Cono Sur,1990,,6.1,,,,78.2,,,,,2989.99,45.0,77.5,58.06
Uruguay,URY,Cono Sur,1991,,,9.5,,,76.8,,,,,3577.84,45.4,77.6,58.51
Uruguay,URY,Cono Sur,1992,,,9.9,,1.0,78.4,,,,,4082.03,47.4,77.6,61.08
Uruguay,URY,Cono Sur,1993,,,10.2,,0.9,79.2,,,,,4720.38,46.8,76.6,61.1
Uruguay,URY,Cono Sur,1994,,,10.0,,1.5,80.5,,,,,5458.09,48.2,77.4,62.27
Uruguay,URY,Cono Sur,1995,,,14.7,,1.6,81.7,,,,,5984.13,49.4,78.1,63.25
Uruguay,URY,Cono Sur,1996,,,13.3,,,,,,,,6316.29,50.0,77.5,64.52
Uruguay,URY,Cono Sur,1997,,7.1,12.9,,,,,,,,7327.95,50.6,76.9,65.8
Uruguay,URY,Cono Sur,1998,77.0,7.1,12.2,2.3,1.5,84.4,20.3,,,,7711.09,51.2,76.4,67.02
Uruguay,URY,Cono Sur,1999,76.6,12.1,13.3,2.2,1.2,84.9,20.9,,,,7247.4,51.6,76.1,67.81
Uruguay,URY,Cono Sur,2000,77.4,12.1,14.5,2.2,1.1,85.4,20.1,,,36.27,6871.9,52.0,75.8,68.6
Uruguay,URY,Cono Sur,2001,75.8,12.1,13.1,2.2,1.7,84.9,22.0,,,37.06,6281.37,53.7,76.6,70.1
Uruguay,URY,Cono Sur,2002,71.2,12.1,11.7,3.9,1.3,86.5,24.8,,,37.04,4088.77,53.0,75.3,70.39
Uruguay,URY,Cono Sur,2003,76.4,12.1,10.4,1.9,1.7,86.2,21.8,,,35.16,3622.05,52.3,74.0,70.68
Uruguay,URY,Cono Sur,2004,,12.1,10.4,,1.8,85.6,,,,,4117.31,52.5,74.1,70.85
Uruguay,URY,Cono Sur,2005,76.0,11.1,11.7,2.3,1.5,85.7,21.7,,,39.6,5220.96,52.7,74.1,71.12
Uruguay,URY,Cono Sur,2006,73.2,11.1,14.4,2.8,5.2,82.3,23.8,,41.6,39.53,5877.88,52.6,76.9,68.4
Uruguay,URY,Cono Sur,2007,72.7,12.1,12.5,2.9,4.8,82.5,24.0,,,40.27,7009.68,53.9,76.5,70.46
Uruguay,URY,Cono Sur,2008,69.4,12.1,10.4,6.2,,,24.3,,,,9062.29,54.5,76.7,71.06
Uruguay,URY,Cono Sur,2009,69.9,14.1,9.9,6.1,4.6,84.1,23.9,,,40.66,9415.15,55.1,76.9,71.65
Uruguay,URY,Cono Sur,2010,75.7,15.2,9.6,2.8,5.2,82.8,21.2,19.4,23.1,45.05,11938.28,55.2,76.7,71.97
Uruguay,URY,Cono Sur,2011,74.0,12.1,8.1,3.3,5.3,83.2,22.4,,,43.86,14166.56,55.3,76.7,72.1
Uruguay,URY,Cono Sur,2012,75.2,12.1,8.4,2.9,,,21.6,,,,15092.47,55.5,76.8,72.27
Uruguay,URY,Cono Sur,2013,75.5,12.1,8.5,2.9,4.4,85.3,21.3,,,,16881.38,55.6,76.8,72.4
Uruguay,URY,Cono Sur,2014,,16.2,9.1,,,,,,,,16737.97,55.8,76.8,72.66
Venezuela,VEN,Región Andina,1990,,10.0,,,2.2,82.2,,,,,2367.72,37.3,80.8,46.16
Venezuela,VEN,Región Andina,1991,,,10.9,,2.0,82.1,,,,,2544.45,38.9,81.5,47.73
Venezuela,VEN,Región Andina,1992,,,8.9,,1.8,82.2,,,,,2811.15,38.1,81.0,47.04
Venezuela,VEN,Región Andina,1993,,,7.7,,1.7,83.0,,,,,2732.67,36.3,79.7,45.55
Venezuela,VEN,Región Andina,1994,70.7,,8.6,1.8,2.2,83.3,27.4,,,,2601.85,37.3,81.0,46.05
Venezuela,VEN,Región Andina,1995,67.9,,12.1,2.1,1.8,84.2,29.9,,,,3375.09,41.2,82.1,50.18
Venezuela,VEN,Región Andina,1996,65.2,,16.1,1.9,1.7,85.2,33.0,,,,3013.73,43.9,82.5,53.21
Venezuela,VEN,Región Andina,1997,65.7,5.9,13.5,1.9,1.5,84.9,32.4,,,,3714.62,46.2,82.7,55.86
Venezuela,VEN,Región Andina,1998,59.5,5.9,12.7,1.6,1.3,85.2,38.8,,,,3875.9,47.8,83.2,57.45
Venezuela,VEN,Región Andina,1999,59.0,12.1,16.0,1.9,1.7,85.3,39.1,,,,4078.29,48.8,83.5,58.44
Venezuela,VEN,Región Andina,2000,58.1,,14.3,1.9,1.6,85.6,40.0,,,,4785.15,48.9,82.3,59.42
Venezuela,VEN,Región Andina,2001,57.0,9.7,14.6,3.1,1.7,86.1,39.9,,,,4928.17,52.5,82.6,63.56
Venezuela,VEN,Región Andina,2002,58.2,9.7,18.8,2.5,1.9,86.2,39.3,,,,3657.19,54.7,83.6,65.43
Venezuela,VEN,Región Andina,2003,58.0,9.7,20.3,2.3,2.3,86.0,39.7,,,,3233.96,53.7,82.9,64.78
Venezuela,VEN,Región Andina,2004,61.8,9.7,18.1,2.2,2.1,85.5,35.9,,,,4273.37,52.6,82.2,63.99
Venezuela,VEN,Región Andina,2005,63.0,17.4,13.7,2.3,2.0,86.0,34.7,,,,5435.87,51.6,81.5,63.31
Venezuela,VEN,Región Andina,2006,64.9,18.0,11.1,1.9,1.8,86.5,33.2,,,,6740.24,50.6,80.8,62.62
Venezuela,VEN,Región Andina,2007,65.2,18.6,8.2,1.9,1.8,86.0,32.9,,,,8325.22,50.1,80.0,62.62
Venezuela,VEN,Región Andina,2008,65.6,18.6,7.4,1.9,1.9,86.8,32.5,,,,11224.65,50.6,80.0,63.25
Venezuela,VEN,Región Andina,2009,60.9,17.5,8.4,1.9,1.8,86.4,32.9,,,,11534.84,51.0,79.4,64.23
Venezuela,VEN,Región Andina,2010,60.3,17.0,9.2,1.6,1.8,86.9,33.9,31.1,30.7,,13581.35,50.5,79.3,63.68
Venezuela,VEN,Región Andina,2011,61.1,17.0,9.3,1.6,1.6,87.6,33.3,,,,10754.59,50.7,79.3,63.93
Venezuela,VEN,Región Andina,2012,62.2,17.0,9.1,1.6,,,32.2,,,,12771.6,50.9,79.2,64.27
Venezuela,VEN,Región Andina,2013,63.5,17.0,8.3,1.8,,,30.3,,,,12265.03,51.1,79.2,64.52
Venezuela,VEN,Región Andina,2014,,17.0,9.4,,,,,,,,,51.2,79.1,64.73
